編號,答案,類近題目
45091201,"第 1 課 第 1 題
Chapter 1 Question 1
📌 參考答案
D. 消化澱粉質
D. Digestion of starch
📌 詳細解釋
題目問以下哪項屬於分解代謝過程。
The question asks which of the following is a catabolic process.
分解代謝是指將大分子分解為小分子的化學反應。
Catabolism refers to the chemical reactions that break down large molecules into smaller ones.
消化澱粉質涉及在澱粉酶的作用下，將澱粉（大分子）水解成麥芽糖（小分子），因此屬於分解代謝。
Digesting starch involves hydrolyzing starch (a large molecule) into maltose (a small molecule) by amylase, so it is a catabolic process.
其他選項分析：
Analysis of other options:
A. 葡萄糖縮合成糖原是將小分子結合成大分子，屬於合成代謝。
A. Condensation of glucose into glycogen builds large molecules from smaller ones, which is an anabolic process.
B. 吸收過程只涉及擴散和主動運輸，沒有化學反應，不屬於分解代謝。
B. Absorption only involves diffusion and active transport without chemical reactions, so it is not a catabolic process.
C. 脂肪乳化只是將大脂滴打散成小脂滴的物理變化，並非化學分解。
C. Emulsification of fats is merely a physical change breaking large fat droplets into smaller ones, not a chemical breakdown.
📌 考試提醒
分解代謝 (Catabolism)：大分子分解成小分子，通常會釋放能量（例如呼吸作用）。
Catabolism: Breaking down large molecules into small ones, usually releasing energy (e.g., respiration).
合成代謝 (Anabolism)：小分子合成大分子，需要消耗能量（例如光合作用）。
Anabolism: Synthesizing large molecules from small ones, requiring energy input (e.g., photosynthesis).
常見錯誤：學生常把脂肪乳化誤當成化學分解，緊記乳化只是增加表面積的物理過程，不涉及酶破壞化學鍵。
Common trap: Students often mistake fat emulsification for chemical breakdown; remember it is a physical process increasing surface area and does not involve enzymes breaking chemical bonds.
📌 改正試一試
脂肪乳化只是物理變化，並不涉及化學鍵的分解。
Fat emulsification is merely a physical change and does not involve the breakdown of chemical bonds.",
45091202,"第 1 課 第 2 題
Chapter 1 Question 2
📌 參考答案
B. 只有(1)和(2)
B. (1) and (2) only
📌 詳細解釋
題目問及有關科學探究假說的正確描述。
The question asks for the correct descriptions of a hypothesis in scientific inquiry.
假說是對觀察到的現象提出的一個初步且合理的解釋。
A hypothesis is a preliminary and reasonable explanation proposed for an observed phenomenon.
這個解釋必須能夠透過設計實驗來進行驗證。
This explanation must be able to be tested by designing experiments.
選項(3)是錯誤的，因為即使實驗結果支持假說，假說也未必絕對正確，未來仍有可能被新證據推翻。
Option (3) is incorrect because even if experimental results support the hypothesis, it is not necessarily absolutely correct and may still be overthrown by new evidence in the future.
📌 考試提醒
科學假說 (Scientific hypothesis)：基於觀察而提出、可被客觀實驗測試的初步解釋。
Scientific hypothesis: A preliminary explanation based on observation that can be tested by objective experiments.
常見錯誤：學生常誤以為一次成功的實驗就能把假說變成絕對真理，忽略了科學知識的可修正性。
Common trap: Students often mistakenly believe a single successful experiment turns a hypothesis into an absolute truth, ignoring the tentative nature of scientific knowledge.
📌 改正試一試
假說必須能夠透過實驗驗證，且並非絕對不變的真理。
A hypothesis must be verifiable through experiment and is not an absolute, immutable truth.",
45091203,"第 1 課 第 3 題
Chapter 1 Question 3
📌 參考答案
B. 生態學 － 進化的機制
B. Ecology – Mechanism of evolution
📌 詳細解釋
這條題目要求找出錯誤配對的生物學分科。
This question requires identifying the incorrectly paired branch of biology.
生態學是研究生物之間，以及生物與其物理環境之間相互關係的科學。
Ecology is the scientific study of the interactions among organisms and between organisms and their physical environment.
進化的機制屬於進化生物學的研究範疇，而不是生態學，因此選項 B 是不正確的配對。
The mechanism of evolution falls under evolutionary biology rather than ecology, making option B an incorrect pairing.
其他選項均正確描述了生物工程、生理學和分類學的研究範圍。
Other options correctly describe the study scopes of bioengineering, physiology, and taxonomy.
📌 考試提醒
生態學 (Ecology)：專注於生物與生物之間，以及生物與非生物環境之間的互動。
Ecology: Focuses on the interactions between organisms and other organisms, as well as between organisms and the abiotic environment.
常見錯誤：學生容易把生態學與進化論混為一談，前者側重當下環境互動，後者側重物種隨時間的改變。
Common trap: Students easily confuse ecology with evolution; the former focuses on present environmental interactions, while the latter focuses on species changes over time.
📌 改正試一試
生態學探討生物與環境的互動，而非物種演化的機制。
Ecology explores interactions between organisms and the environment, not the mechanisms of species evolution.",
45091204,"Chapter 1 Question 4
📌 參考答案
A. 生態學
A. Ecology
📌 詳細解釋
題目問哪一門分科是研究生物和環境的相互關係。
The question asks which branch studies the interrelationships between living organisms and their environment.
生態學正是專門探討生物個體、群體與其生存環境之間互動關係的學科。
Ecology is exactly the discipline dedicated to exploring the interactive relationships between individual organisms, populations, and their living environments.
細胞學主要研究細胞結構，動物學專門研究動物，而生理學則探討生物體器官如何運作。
Cytology mainly studies cell structures, zoology specializes in animals, and physiology explores how organism organs function.
📌 考試提醒
生物與環境的相互關係 (Interactions between organisms and environment)：這是生態學的核心定義。
Interactions between organisms and environment: This is the core definition of ecology.
常見錯誤：部分考生未能記清基礎生物學分科的定義，導致在第一章的簡單多項選擇題中無謂失分。
Common trap: Some candidates fail to memorize the definitions of basic biological branches, leading to unnecessary loss of marks in simple Chapter 1 multiple-choice questions.
📌 改正試一試
生態學專門研究生物之間及生物與環境之間的相互關係。
Ecology specifically studies the interactions among organisms and between organisms and their environment.",
45091205,"第 1 課 第 5 題Chapter 1 Question 5
📌 參考答案
B. 感應性
B. Irritability
📌 詳細解釋
題目詢問生物探測環境變化並作出反應的詞彙。
The question asks for the term referring to an organism detecting environmental changes and making a response.
感應性是生物的七大共同特徵之一，定義就是接收內在或外在刺激並產生適當的反應。
Irritability is one of the seven common characteristics of living organisms, defined as receiving internal or external stimuli and producing an appropriate response.
運動是指生物體改變位置或姿勢，生殖是產生後代，兩者皆不是探測環境變化的專有名詞。
Movement refers to an organism changing position or posture, and reproduction is producing offspring; neither is the specific term for detecting environmental changes.
觀察是人類科學探究的步驟，並非所有生物的生理特徵。
Observation is a step in human scientific inquiry, not a physiological characteristic of all organisms.
📌 考試提醒
感應性 (Irritability)：生物接收環境刺激（如光線、温度）並產生反應以提高生存機會的能力。
Irritability: The ability of organisms to receive environmental stimuli (e.g., light, temperature) and react to increase survival chances.
常見錯誤：學生常把「運動」等同於「感應性」，但植物展現感應性時（如向光生長），其反應是生長而非四處移動。
Common trap: Students often equate ""movement"" with ""irritability"", but when plants exhibit irritability (like growing towards light), their response is growth rather than moving around.
📌 改正試一試
感應性是生物探測環境刺激並作出適當反應的能力。
Irritability is the ability of an organism to detect environmental stimuli and make appropriate responses.  ",
45091206,"第 1 課 第 6 題
Chapter 1 Question 6
📌 參考答案
D. (1)、(2)和(3)
D. (1), (2) and (3)
📌 詳細解釋
題目要求選出動物排出代謝廢物的途徑。
The question requires selecting the pathways through which animals excrete metabolic wastes.
代謝廢物是細胞內化學反應產生的有毒或多餘物質，如尿素、二氧化碳及多餘水份。
Metabolic wastes are toxic or excess substances produced by intracellular chemical reactions, such as urea, carbon dioxide, and excess water.
排汗能排出水、鹽和少量尿素，排尿能排出水、尿素和鹽，呼氣能排出二氧化碳和水蒸氣。
Sweating excretes water, salts, and a small amount of urea; urination excretes water, urea, and salts; exhalation excretes carbon dioxide and water vapour.
因此，(1)、(2)及(3)全部都是正確的排泄途徑。
Therefore, (1), (2), and (3) are all correct excretory pathways.
📌 考試提醒
排泄途徑 (Excretory pathways)：哺乳類動物主要依賴肺臟（呼氣）、腎臟（排尿）及皮膚（排汗）進行排泄。
Excretory pathways: Mammals mainly rely on lungs (exhalation), kidneys (urination), and skin (sweating) for excretion.
常見錯誤：學生容易忘記呼氣也是一種排泄形式，誤以為只有液體狀的廢物（如尿液或汗液）才算排泄物。
Common trap: Students easily forget that exhalation is also a form of excretion, mistakenly thinking only liquid wastes (like urine or sweat) count as excretory products.
📌 改正試一試
排汗、排尿及呼氣均能將細胞代謝廢物排出體外。
Sweating, urination, and exhalation all remove cellular metabolic wastes from the body.",
45091207,"第 1 課 第 7 題
Chapter 1 Question 7
📌 參考答案
C. 生物的細胞藉呼吸作用把食物分解以獲取能量。
C. Cells of living organisms break down food through respiration to obtain energy.
📌 詳細解釋
題目問及哪一項是關於呼吸作用的正確敍述。
The question asks which of the following is a correct statement about respiration.
呼吸作用是一個發生在活細胞內的化學過程，透過分解有機食物（主要為葡萄糖）來釋放能量。
Respiration is a chemical process occurring in living cells that releases energy by breaking down organic food (mainly glucose).
選項 A 描述的是氣體交換或呼吸（Breathing）的物理動作，並非細胞層面的呼吸作用。
Option A describes the physical action of gas exchange or breathing, not respiration at the cellular level.
選項 B 錯誤，植物細胞同樣需要能量，因此必須不分晝夜進行呼吸作用。
Option B is incorrect because plant cells also need energy and must carry out respiration day and night.
選項 D 錯誤，某些生物或細胞在缺氧環境下也能進行缺氧呼吸。
Option D is incorrect because some organisms or cells can also carry out anaerobic respiration in the absence of oxygen.
📌 考試提醒
呼吸作用 (Respiration)：所有活細胞必須進行的化學反應，目的是分解食物釋放能量（ATP）。
Respiration: A chemical reaction that all living cells must perform to break down food and release energy (ATP).
常見錯誤：考生常將日常用語中的「呼吸（Breathing）」與生物學上的「呼吸作用（Respiration）」混淆，前者是物理氣體進出，後者是化學能量釋放。
Common trap: Candidates often confuse the everyday term ""breathing"" with biological ""respiration""; the former is physical gas movement, the latter is chemical energy release.
📌 改正試一試
呼吸作用是活細胞分解食物釋放能量的化學反應。
Respiration is the chemical reaction in living cells that breaks down food to release energy.",
45091208,"第 1 課 第 8 題Chapter 1 Question 8
📌 參考答案
C. 呼吸作用
C. Respiration
📌 詳細解釋
題目詢問哪個過程可產生能量以供應運動、生長及組織修補所需。
The question asks which process generates energy to supply movement, growth, and tissue repair.
在所有活細胞中，唯一能分解有機食物並釋出可用化學能（ATP）的過程就是呼吸作用。
In all living cells, the only process that breaks down organic food and releases usable chemical energy (ATP) is respiration.
選項 A 錯誤，光合作用是吸收光能並轉化為食物化學能的過程，不能直接為細胞活動供能。
Option A is incorrect because photosynthesis absorbs light energy and converts it into food chemical energy, which cannot directly power cellular activities.
選項 B 和 D 錯誤，排泄和主動轉運是消耗能量的生理活動，而非產生能量的途徑。
Options B and D are incorrect because excretion and active transport are energy-consuming physiological activities, not energy-generating pathways.
📌 考試提醒
能量貨幣 (Energy currency)：呼吸作用釋放的能量會儲存在 ATP 分子中，直接推動各項生命活動。
Energy currency: The energy released from respiration is stored in ATP molecules to directly drive various life activities.
常見錯誤：學生有時會誤以為植物靠光合作用直接獲取活動能量，忽略了植物也必須經過呼吸作用來提取食物中的能量。
Common trap: Students sometimes mistakenly believe plants directly obtain activity energy from photosynthesis, ignoring that plants must also use respiration to extract energy from food.
📌 改正試一試
呼吸作用是生物體內唯一能將食物化學能轉化為可用能量的過程。
Respiration is the only process in organisms that converts chemical energy in food into usable energy.  ",
45091209,"第 1 課 第 9 題
Chapter 1 Question 9
📌 參考答案
C. 只有(2)、(3)和(4)
C. (2), (3) and (4) only
📌 詳細解釋
這條題目要求辨認出所有生物必定具備的共同特徵。
This question requires identifying the common characteristics necessarily possessed by all living organisms.
所有生物都必須具備七大特徵，當中包括排泄(2)、營養(3)及感應性(4)。
All living organisms must possess seven common characteristics, which include excretion (2), nutrition (3), and irritability (4).
選項 (1)「從一處走到另一處」指的是移動（Locomotion），大多數植物只能作局部運動而不能整體移動，故不是所有生物的特徵。
Option (1) ""moving from one place to another"" refers to locomotion; most plants can only make localized movements and cannot move as a whole, so it is not a characteristic of all organisms.
📌 考試提醒
運動與移動的分別 (Movement vs. Locomotion)：所有生物都能「運動」（如植物向光彎曲），但只有部分動物能「移動」（改變整個個體的位置）。
Movement vs. Locomotion: All organisms can ""move"" (like plants bending towards light), but only some animals can ""locomote"" (changing the position of the whole individual).
常見錯誤：考生常把生物特徵中的「運動（Movement）」狹義地理解為動物的「走動（Locomotion）」，從而錯誤判斷所有生物都會走動。
Common trap: Candidates often narrowly interpret the biological characteristic of ""movement"" as animal ""locomotion"", falsely judging that all organisms can walk.
📌 改正試一試
所有生物均具備運動能力，但整體位置的移動（如走動）並非所有生物的特徵。
All organisms possess the ability to move, but whole-body locomotion (like walking) is not a characteristic of all organisms.",
45091210,"第 1 課 第 10 題
Chapter 1 Question 10
📌 參考答案
D. 動物排出糞便。
D. Animals expelling faeces.
📌 詳細解釋
這條題目測試考生對「排泄」定義的準確理解。
This question tests candidates' accurate understanding of the definition of ""excretion"".
排泄嚴格指將細胞代謝作用產生的廢物排出體外。
Excretion strictly refers to the removal of wastes produced by cellular metabolism out of the body.
動物排出糞便是排遺（Egestion），因為糞便主要由消化道內未被消化和吸收的食物殘渣組成，從未進入細胞參與代謝。
Animals expelling faeces is egestion, because faeces mainly consist of undigested and unabsorbed food residues in the digestive tract that never entered cells to participate in metabolism.
植物落葉、釋出二氧化碳及排出尿液均涉及清除細胞代謝產物，故屬於排泄。
Leaves falling from plants, releasing carbon dioxide, and expelling urine all involve clearing cellular metabolic products, thus belonging to excretion.
📌 考試提醒
排泄與排遺 (Excretion and Egestion)：排泄處理細胞內的代謝廢物；排遺處理消化道內未被吸收的殘渣。
Excretion and Egestion: Excretion deals with metabolic wastes from inside cells; egestion deals with unabsorbed residues in the digestive tract.
常見錯誤：把糞便當成代謝廢物是文憑試考生最常犯的低級錯誤，必須牢牢記住糞便不屬於排泄物。
Common trap: Treating faeces as a metabolic waste is the most frequent basic mistake made by DSE candidates; you must firmly remember that faeces are not excretory products.
📌 改正試一試
糞便從未進入細胞參與化學反應，因此排糞不屬於排泄。
Faeces never entered cells to participate in chemical reactions, so defecation is not excretion.",
45091211,"第 1 課 第 11 題
Chapter 1 Question 11
📌 參考答案
A. 呼吸
A. Breathing
📌 詳細解釋
題目要求選出不屬於所有生物共同特徵的選項。
The question requires selecting the option that is not a common characteristic of all living organisms.
呼吸（Breathing）是透過呼吸器官（如肺或鰓）進行氣體交換的物理動作。
Breathing is the physical action of gas exchange through respiratory organs (like lungs or gills).
植物、真菌及細菌等生物並沒有這類專門器官，因此不會進行物理呼吸，所以這不是生物的共同特徵。
Organisms like plants, fungi, and bacteria do not have such specialized organs and thus do not perform physical breathing, so this is not a common characteristic.
感應性、運動和生殖都是所有已知生命體必定具備的七大特徵之一。
Irritability, movement, and reproduction are all among the seven characteristics necessarily possessed by all known living forms.
📌 考試提醒
呼吸的局限性 (Limitation of breathing)：不要把高等動物的專利（如肺部擴張收縮）套用到植物或微生物身上。
Limitation of breathing: Do not apply the exclusive features of higher animals (like lung expansion and contraction) to plants or microorganisms.
常見錯誤：中英文用詞容易混淆，學生看見「呼吸」就聯想到必定要進行的「呼吸作用（Respiration）」，忽略了字眼上的嚴格區分。
Common trap: Chinese and English terminologies can be confusing; students see ""breathing"" and associate it with the mandatory ""respiration"", ignoring the strict lexical distinction.
📌 改正試一試
植物不會進行物理性的呼吸動作，但所有活細胞都會進行呼吸作用。
Plants do not perform the physical action of breathing, but all living cells carry out respiration.",
45091212,"第 1 課 第 12 題Chapter 1 Question 12
📌 參考答案
B. 只有(1)、(2)和(4)
B. (1), (2) and (4) only
📌 詳細解釋
題目詢問哪些過程能將體內化學反應（代謝作用）產生的廢物排出體外。
The question asks which processes can remove wastes produced by chemical reactions (metabolism) in the body.
排汗(1)、排尿(2)和呼氣(4)分別排出了尿素、多餘水份及二氧化碳等代謝廢物，所以全屬排泄過程。
Sweating (1), urination (2), and exhalation (4) excrete metabolic wastes like urea, excess water, and carbon dioxide respectively, so all are excretory processes.
排糞(3)排出的主要是未能消化的食物殘渣，這些物質從未參與細胞內的化學反應，屬於排遺而非排泄。
Defecation (3) mainly expels undigested food residues; these substances never participated in intracellular chemical reactions, making it egestion rather than excretion.
📌 考試提醒
代謝產物 (Metabolic products)：必須是物質進入細胞並經過化學轉換後所產生的廢物。
Metabolic products: Must be wastes produced after substances enter cells and undergo chemical conversions.
常見錯誤：題目換個問法再次考驗排泄與排遺的區別，若學生看見「廢物」一詞就自動包含糞便，便會中伏選錯。
Common trap: The question rephrases to test the distinction between excretion and egestion again; if students automatically include faeces upon seeing the word ""wastes"", they will fall for the trap.
📌 改正試一試
排糞只是清除消化道內的殘留物，與細胞代謝無關。
Defecation merely clears residues from the digestive tract and is unrelated to cellular metabolism.  ",
45091213,"第 1 課 第 13 題
Chapter 1 Question 13
📌 參考答案
B. 呼氣
B. Exhalation
📌 詳細解釋
這題再次測試學生對生物七大特徵的掌握程度。
This question tests students' mastery of the seven characteristics of life again.
呼氣是擁有肺部或氣管系統的動物專屬的物理排氣動作。
Exhalation is a physical air-expelling action exclusive to animals possessing a lung or tracheal system.
植物及單細胞生物不具備相關結構，因此不會呼氣，這證明呼氣不是所有生物的共同特徵。
Plants and single-celled organisms lack such structures and thus do not exhale, proving exhalation is not a common characteristic of all organisms.
所有生物都必須具備營養、排泄及感應性，才能適應環境並維持生命。
All organisms must possess nutrition, excretion, and irritability to adapt to the environment and sustain life.
📌 考試提醒
生物七大特徵 (Seven characteristics of life)：營養、呼吸作用、排泄、感應性、運動、生長、生殖。
Seven characteristics of life: Nutrition, Respiration, Excretion, Irritability, Movement, Growth, Reproduction.
常見錯誤：考生習慣性地把人類的生理機能（如呼氣出二氧化碳）強加於所有生命體之上，忽略了生物多樣性。
Common trap: Candidates habitually impose human physiological functions (like exhaling carbon dioxide) onto all living forms, ignoring biological diversity.
📌 改正試一試
呼氣依賴特定的呼吸器官，因此不屬於所有生物的共同特徵。
Exhalation relies on specific respiratory organs, so it is not a common characteristic of all living organisms.",
45091214,"第 1 課 第 14 題
Chapter 1 Question 14
📌 參考答案
C. 排泄
C. Excretion
📌 詳細解釋
題目直接詢問把代謝廢物排出體外的過程名稱。
The question directly asks for the name of the process that removes metabolic wastes from the organism's body.
在生物學中，排泄的嚴格定義就是清除體內細胞代謝（化學反應）所產生的有毒廢物。
In biology, the strict definition of excretion is the removal of toxic wastes produced by cellular metabolism (chemical reactions) in the body.
呼吸作用是產生廢物（二氧化碳和水）的化學過程，但過程本身並非指「排出」的動作。
Respiration is the chemical process that produces wastes (carbon dioxide and water), but the process itself does not refer to the action of ""removal"".
感應性和運動與清除體內毒素完全無關。
Irritability and movement are completely unrelated to clearing internal toxins.
📌 考試提醒
專門詞彙配對 (Specific vocabulary pairing)：「代謝廢物」與「排泄」是永遠綁定的生物學概念配對。
Specific vocabulary pairing: ""Metabolic wastes"" and ""excretion"" are a permanently bound pairing of biological concepts.
常見錯誤：基礎不穩的學生可能會將呼吸作用釋放二氧化碳與排泄混淆，未搞清呼吸作用是源頭，排泄是清理手段。
Common trap: Students with weak foundations might confuse respiration releasing carbon dioxide with excretion, failing to realize respiration is the source while excretion is the clearance method.
📌 改正試一試
代謝廢物必須透過排泄清除，以防毒素在體內積聚。
Metabolic wastes must be cleared through excretion to prevent toxins from accumulating in the body.",
45091215,"第 1 課 第 15 題
Chapter 1 Question 15
📌 參考答案
C. 呼吸作用
C. Respiration
📌 詳細解釋
題目問人體哪個過程會產生熱能以保持體溫穩定。
The question asks which process in the human body generates heat to maintain a stable body temperature.
呼吸作用是細胞氧化食物釋放能量的過程，這化學轉換效率並非 100%。
Respiration is the process of cells oxidizing food to release energy, and this chemical conversion is not 100% efficient.
過程中大部分能量會以熱能的形式流失，溫血動物正好利用這些副產品熱能來維持恆定體溫。
Most energy is lost as heat during the process, and warm-blooded animals opportunistically use this by-product heat to maintain a constant body temperature.
營養、生殖和生長都需要消耗呼吸作用產生的 ATP，但本身並非體內發熱的主要機制。
Nutrition, reproduction, and growth all consume ATP generated by respiration, but they are not the primary mechanisms of heat generation in the body.
📌 考試提醒
熱能副產品 (Heat as a by-product)：高達 60% 從呼吸作用釋放的能量會轉化為熱能。
Heat as a by-product: Up to 60% of the energy released from respiration is converted into heat.
常見錯誤：學生常以為人體有專門發熱的獨立系統，實際上發熱只是每個活細胞進行呼吸作用時無可避免的物理現象。
Common trap: Students often think the human body has an independent specialized heating system; in reality, heat generation is an inevitable physical phenomenon when every living cell respires.
📌 改正試一試
細胞進行呼吸作用釋放能量時，大部分能量會轉化為熱能流失。
When cells carry out respiration to release energy, a large portion of energy is lost as heat.",
45091216,"第 1 課 第 16 題
Chapter 1 Question 16
📌 參考答案
C. 對觀察現象提出的可驗證的解釋
C. A testable explanation proposed for an observed phenomenon
📌 詳細解釋
科學探究中的假說，是對觀察到的現象提出的一個初步且合乎邏輯的解釋。
A hypothesis in scientific inquiry is a preliminary and logical explanation proposed for an observed phenomenon.
這個解釋必須能夠透過設計客觀實驗來進行測試和驗證。
This explanation must be able to be tested and verified by designing objective experiments.
選項 A 錯誤，因為科學假說必須具備可驗證性。
Option A is incorrect because a scientific hypothesis must possess testability.
選項 B 錯誤，假說本身是待測試的概念，而不是實驗本身。
Option B is incorrect as a hypothesis itself is a concept to be tested, not the experiment itself.
選項 D 錯誤，假說在提出時尚未進行測試，不能預先斷定為錯誤解釋。
Option D is incorrect because a hypothesis has not yet been tested when proposed, so it cannot be predetermined as a wrong explanation.
📌 考試提醒
假說 (Hypothesis)：對觀察現象提出、並能以實驗驗證的初步解釋。
Hypothesis: A preliminary explanation proposed for an observed phenomenon that can be tested by experiment.
常見錯誤：學生常混淆假說與結論，結論是基於實驗數據得出的，而假說是在實驗前作出的預測。
Common trap: Students often confuse hypothesis with conclusion; a conclusion is drawn based on experimental data, while a hypothesis is a prediction made before the experiment.
📌 改正試一試
假說必須能夠透過實驗驗證，且並非絕對不變的真理。
A hypothesis must be verifiable through experiment and is not an absolute, immutable truth.",
45091217,"第 1 課 第 17 題
Chapter 1 Question 17
📌 參考答案
C. (1) -> (4) -> (3) -> (5) -> (2)
C. (1) -> (4) -> (3) -> (5) -> (2)
📌 詳細解釋
科學探究的標準流程首先是觀察自然現象並提出問題 (1)。
The standard process of scientific inquiry begins with observing natural phenomena and asking questions (1).
接著，針對問題提出一個合理且可驗證的假說 (4)。
Next, a reasonable and testable hypothesis is proposed for the question (4).
然後，設計並進行客觀實驗來測試這個假說 (3)。
Then, objective experiments are designed and conducted to test this hypothesis (3).
在實驗過程中仔細量度並收集數據 (5)。
During the experiment, data is carefully measured and collected (5).
最後，分析數據並作出結論 (2)，以判斷實驗結果是否支持原先的假說。
Finally, data is analyzed and conclusions are drawn (2) to determine whether the experimental results support the original hypothesis.
📌 考試提醒
科學探究步驟 (Steps of scientific inquiry)：觀察 -> 假說 -> 實驗 -> 數據收集 -> 結論。
Steps of scientific inquiry: Observation -> Hypothesis -> Experiment -> Data collection -> Conclusion.
常見錯誤：把收集數據放在進行實驗之前，或在得出結論後才提出假說，打亂了邏輯因果關係。
Common trap: Placing data collection before conducting the experiment, or proposing a hypothesis after drawing a conclusion, disrupting the logical causality.
📌 改正試一試
科學探究必須先提出假說，才能設計實驗收集數據作結論。
Scientific inquiry must first propose a hypothesis before designing experiments to collect data for a conclusion.",
45091218,"第 1 課 第 18 題
Chapter 1 Question 18
📌 參考答案
B. 只有(1)、(3)和(4)
B. (1), (3) and (4) only
📌 詳細解釋
實驗室內充滿潛在危險，留意並遵守試劑瓶上的警告標籤 (1) 是基本的安全守則。
Laboratories are full of potential hazards, and noting and obeying warning labels on reagent bottles (1) is a basic safety rule.
處理活動物時有受傷或感染的風險，應戴上即棄手套 (3) 作為保護。
There are risks of injury or infection when handling live animals, so disposable gloves (3) should be worn for protection.
解剖儀器使用後會沾有生物組織，必須進行消毒 (4) 以保持衛生並防止細菌傳播。
Dissecting instruments will be contaminated with biological tissues after use and must be sterilized (4) to maintain hygiene and prevent bacterial spread.
選項 (2) 錯誤，實驗室內絕對嚴禁進食或飲水，洗手並不能豁免這項安全規定。
Option (2) is incorrect as eating or drinking is strictly prohibited in the laboratory, and washing hands does not exempt this safety regulation.
📌 考試提醒
實驗室安全 (Laboratory safety)：嚴禁飲食，所有具潛在危險的操作均需穿戴適當防護裝備。
Laboratory safety: Eating and drinking are strictly prohibited; all potentially hazardous operations require appropriate protective gear.
常見錯誤：誤以為洗手後就可以在實驗室進食，忽略了空氣中或桌面上可能殘留的化學微粒及生物危害。
Common trap: Mistakenly believing washing hands allows eating in the lab, ignoring chemical particulates and biohazards that may remain in the air or on benches.
📌 改正試一試
實驗室內絕對嚴禁飲食，洗手並不能改變這項安全規定。
Eating and drinking are strictly prohibited in the laboratory, and washing hands does not change this safety regulation.",
45091219,"第 1 課 第 19 題
Chapter 1 Question 19
📌 參考答案
D. 該探究的假說需要作出修改。
D. The hypothesis of the investigation needs to be modified.
📌 詳細解釋
科學探究建基於客觀數據，當實驗結果不支持根據假說作出的預測時，表示最初的假說並不正確或不完整。
Scientific inquiry is built on objective data; when experimental results do not support the prediction made from the hypothesis, it indicates the original hypothesis is incorrect or incomplete.
科學家必須根據新的發現修改假說，甚至提出全新的假說，然後再設計新實驗重新測試。
Scientists must modify the hypothesis based on new findings, or propose a completely new one, and then design new experiments to test it again.
選項 A 錯誤，結果不支持假說本身就是一個重要且有意義的科學結論。
Option A is incorrect because results not supporting the hypothesis is itself an important and meaningful scientific conclusion.
選項 B 和 C 錯誤，演繹性的科學探究必須建立在假說之上。
Options B and C are incorrect because deductive scientific inquiry must be built upon a hypothesis.
📌 考試提醒
假說的可修正性 (Modifiability of hypothesis)：科學知識是基於證據的，當實驗證據與假說矛盾時，必須修改或推翻假說。
Modifiability of hypothesis: Scientific knowledge is evidence-based; when experimental evidence contradicts a hypothesis, it must be modified or overthrown.
常見錯誤：認為實驗結果不支持假說代表實驗失敗或無效，實際上這正是推動科學知識修正的關鍵過程。
Common trap: Thinking experimental results not supporting a hypothesis mean the experiment failed or is invalid; in fact, this is the key process driving the revision of scientific knowledge.
📌 改正試一試
當實驗結果不支持假說時，科學家必須修改或推翻原有假說。
When experimental results do not support the hypothesis, scientists must modify or overthrow the original hypothesis.",
45091220,"第 1 課 第 20 題
Chapter 1 Question 20
📌 參考答案
D. 感應性、運動、生殖
D. Irritability, movement, reproduction
📌 詳細解釋
魚在產卵是為了繁衍下一代，這行為明確展現了「生殖」的特徵。
Fish laying eggs is for propagating the next generation, which clearly exhibits the characteristic of ""reproduction"".
魚遠離光游動，首要條件是必須探測到光線這個環境刺激，這展現了「感應性」。
Fish swimming away from light primarily requires detecting the environmental stimulus of light, exhibiting ""irritability"".
隨後牠們透過肌肉收縮改變自身位置以遠離光源，這過程屬於「運動」。
Subsequently, they change their position by muscle contraction to move away from the light source, a process belonging to ""movement"".
題目描述中完全沒有提及攝取食物（營養）、體積增加（生長）或排出代謝廢物（排泄）的過程。
The question description does not mention obtaining food (nutrition), increasing in size (growth), or excreting metabolic wastes (excretion) at all.
📌 考試提醒
刺激與反應 (Stimulus and response)：生物探測刺激（感應性）後，通常會透過改變位置或姿勢（運動）來作出反應。
Stimulus and response: After detecting a stimulus (irritability), organisms usually make a response by changing position or posture (movement).
常見錯誤：只注意到魚在「游動」而單純選擇運動，忽略了游動是為了躲避光線這個由環境刺激引發的感應性反應。
Common trap: Only noticing the fish ""swimming"" and merely selecting movement, ignoring that swimming is an irritable response triggered by the environmental stimulus of light to avoid it.
📌 改正試一試
魚遠離光線是探測環境刺激（感應性）後作出的位置改變（運動）。
Fish moving away from light is a position change (movement) made after detecting an environmental stimulus (irritability).",
45091221,"第 1 課 第 21 題
Chapter 1 Question 21
📌 參考答案
C. 減低個體差異對結果的影響
C. Reduce the effect of individual differences on the results
📌 詳細解釋
在生物實驗中，不同生物個體（如幼苗）之間存在先天的遺傳或健康差異，稱為個體差異。
In biological experiments, there are innate genetic or health differences among biological individuals (like seedlings), known as individual differences.
每盆種植 10 棵幼苗能大幅減少因個別異常生長造成的隨機誤差，提高實驗結果的可靠度。
Planting 10 seedlings per pot drastically reduces random errors caused by individual abnormal growth, improving the reliability of the experimental results.
選項 A 和 B 是設立對照裝置的根本目的，並非增加樣本數量的原因。
Options A and B are the fundamental purposes of setting up a control setup, not the reasons for increasing the sample size.
選項 D 錯誤，科學探究的重點是研究特定條件下的整體趨勢，而非獨立研究每一棵幼苗的表現。
Option D is incorrect as the focus of scientific inquiry is to study the overall trend under specific conditions, rather than independently studying each seedling's performance.
📌 考試提醒
樣本數量與可靠度 (Sample size and reliability)：增加樣本數量並計算平均值，能有效減低個體差異造成的誤差。
Sample size and reliability: Increasing the sample size and calculating the average effectively reduces errors caused by individual differences.
常見錯誤：把「增加樣本數量」誤以為能「提高準確度 (Accuracy)」，增加樣本只能提高可靠度 (Reliability)。
Common trap: Mistaking ""increasing sample size"" for ""improving accuracy""; increasing samples only improves reliability.
📌 改正試一試
增加樣本數量能減低個體差異造成的誤差，從而提高實驗的可靠度。
Increasing the sample size can reduce errors caused by individual differences, thereby improving the reliability of the experiment.",
45091222,"第 1 課 第 22 題
Chapter 1 Question 22
📌 參考答案
B. 隨着水中二氧化碳含量的上升，水的酸性增加。
B. As the carbon dioxide content in the water increases, the acidity of the water increases.
📌 詳細解釋
實驗中不斷把二氧化碳加入水中，意味著水中二氧化碳含量隨着時間持續上升。
Continuously adding carbon dioxide to the water in the experiment means its content constantly increases over time.
數據表清楚顯示，水的 pH 值由最初的 7.6 持續下降至第 50 秒的 5.9。
The data table clearly shows that the pH value of the water continuously dropped from 7.6 initially to 5.9 at 50 seconds.
pH 值越低代表溶液中氫離子濃度越高，即酸性越強，因此兩者呈現正向關係。
A lower pH value indicates a higher hydrogen ion concentration in the solution, meaning stronger acidity, so they present a positive correlation.
選項 A 錯誤，我們不能超越現有的數據範圍去隨意推斷 120 秒時的具體 pH 值。
Option A is incorrect because we cannot arbitrarily extrapolate the specific pH value at 120 seconds beyond the existing data range.
📌 考試提醒
pH值與酸鹼度 (pH value and acidity)：pH值低於 7 為酸性，數值越下降代表氫離子濃度越高，酸性越強。
pH value and acidity: A pH below 7 is acidic, and a decreasing value represents a higher hydrogen ion concentration and stronger acidity.
常見錯誤：看到數據表中的 pH 值數字「下降」，就直覺誤以為酸性「減弱」，忽略了兩者成反比關係。
Common trap: Seeing the pH value ""decreasing"" in the data table and intuitively mistaking it for ""weakening"" acidity, ignoring their inverse relationship.
📌 改正試一試
溶液的 pH 值越低，代表氫離子濃度越高，酸性越強。
A lower pH value of a solution represents a higher hydrogen ion concentration and stronger acidity.",
45091223,"第 1 課 第 23 題
Chapter 1 Question 23
📌 參考答案
B. 只有(1)和(2)
B. (1) and (2) only
📌 詳細解釋
控制變量是指在實驗組和對照組中必須嚴格保持一致的條件，以確保探究是一項公平測試。
Controlled variables are conditions that must be strictly kept identical in both experimental and control groups to ensure the inquiry is a fair test.
在這項探究中，使用的蘋果種類 (1) 和置於不同環境中的時間 (2) 都必須相同，否則會影響褐變速度。
In this inquiry, the type of apple used (1) and the time left in different environments (2) must both be the same, otherwise they would affect the browning rate.
蘋果塊的褐變程度 (3) 是實驗最終量度的結果，屬於因變量，因此絕對不應被控制為相同。
The degree of browning of the apple pieces (3) is the final measured result of the experiment, belonging to the dependent variable, and absolutely should not be controlled to be the same.
📌 考試提醒
控制變量的選擇 (Selection of controlled variables)：必須找出所有能影響因變量的干擾因素並保持恆定。
Selection of controlled variables: Must identify all interfering factors that can affect the dependent variable and keep them constant.
常見錯誤：常把用來觀察或量度實驗結果的因變量（如褐變程度）當作需要保持不變的控制變量。
Common trap: Often treating the dependent variable used to observe or measure the experimental result (like the degree of browning) as a controlled variable that needs to be kept constant.
📌 改正試一試
實驗中要量度結果的變數是因變量，絕對不能被設定為控制變量。
The variable to be measured as a result in an experiment is the dependent variable and must absolutely not be set as a controlled variable.",
45091224,"第 1 課 第 24 題
Chapter 1 Question 24
📌 參考答案
C. 種植的種子數量
C. Number of seeds planted
📌 詳細解釋
自變量是指在科學探究中，研究者為了測試其影響而刻意且唯一改變的實驗條件。
The independent variable is the single experimental condition intentionally changed by the researcher in a scientific inquiry to test its effect.
志明在四個盆中刻意設置了不同數量的 X 和 Y 種子組合，藉此研究競爭情況，所以這是自變量。
Ming intentionally set different combinations of the number of X and Y seeds in four pots to study competition, so this is the independent variable.
每個盆中的泥土質量 (A) 和獲得的水份量 (B) 是為了維持公平測試而需保持一致的控制變量。
The mass of soil (A) and the volume of water received (B) in each pot are controlled variables that need to be kept identical to maintain a fair test.
四星期後幼苗的質量 (D) 是實驗量度出來的結果，屬於因變量。
The mass of seedlings after four weeks (D) is the measured result of the experiment, belonging to the dependent variable.
📌 考試提醒
自變量與因變量 (Independent and dependent variables)：自變量是主動改變的成因，因變量是隨之改變的量度結果。
Independent and dependent variables: The independent variable is the actively changed cause, while the dependent variable is the resulting measured outcome.
常見錯誤：將自變量與因變量顛倒，或將應該統一的控制變量（如泥土質量或水份）誤認為自變量。
Common trap: Reversing the independent and dependent variables, or mistaking variables that should be uniform (like soil mass or water) as the independent variable.
📌 改正試一試
自變量是研究者為了測試其影響而刻意且唯一改變的實驗條件。
The independent variable is the single experimental condition intentionally changed by the researcher to test its effect.",
45091225,"第 1 課 第 25 題
Chapter 1 Question 25
📌 參考答案
D. 競爭對幼苗X和Y的生長產生負面影響。
D. Competition has a negative effect on the growth of seedlings X and Y.
📌 詳細解釋
比較盆 2（只有 X）和盆 4（X 和 Y 共存），幼苗 X 的總質量由 29g 大幅下降至 22g。
Comparing pot 2 (only X) and pot 4 (X and Y coexist), the total mass of seedlings X drastically dropped from 29g to 22g.
比較盆 3（只有 Y）和盆 4（X 和 Y 共存），幼苗 Y 的總質量同樣由 33g 下降至 28g。
Comparing pot 3 (only Y) and pot 4 (X and Y coexist), the total mass of seedlings Y similarly dropped from 33g to 28g.
數據證明當兩者在同一盆中生長時，雙方生長量均受損，因此競爭對雙方都產生負面影響。
The data proves that when they grow in the same pot, the growth of both is impaired, hence competition has a negative effect on both.
選項 A 雖合理，但實驗數據只顯示了質量變化，未直接證實它們具體爭奪的是水份還是營養素。
Option A is reasonable, but the experimental data only showed mass changes and did not directly prove whether they specifically competed for water or nutrients.
📌 考試提醒
數據演繹原則 (Principle of data interpretation)：結論必須直接建基於實驗數據的支持，不能憑空加入未經驗證的推測。
Principle of data interpretation: Conclusions must be directly based on the support of experimental data, and untested speculations must not be added out of thin air.
常見錯誤：選擇了符合生物學常理但未能被該實驗數據直接證明的推論（如爭奪特定資源）。
Common trap: Choosing inferences that make biological sense but are not directly proven by the experimental data (like competing for specific resources).
📌 改正試一試
科學結論必須直接建基於實驗數據，不可憑空加入未經驗證的推測。
Scientific conclusions must be directly based on experimental data, and untested speculations cannot be added out of thin air.",
45091226,"第 1 課 第 26 題
Chapter 1 Question 26
📌 參考答案
B. 實驗裝置：把10g果凍粉溶於水中，並加入10g奇異果，成為50mL果凍溶液；對照裝置：把10g果凍粉溶於水中，成為50mL果凍溶液
B. Experimental setup: Dissolve 10g jelly powder in water, add 10g kiwi fruit, make up to 50mL jelly solution; Control setup: Dissolve 10g jelly powder in water, make up to 50mL jelly solution
📌 詳細解釋
探究的核心目的是驗證「奇異果是否能阻止果凍凝固」，因此唯一的自變量是「是否存在奇異果」。
The core purpose of the inquiry is to verify ""whether kiwi fruit can prevent jelly from setting"", so the only independent variable is ""the presence or absence of kiwi fruit"".
實驗裝置必須包含這個測試變量，即在果凍溶液中確實加入奇異果。
The experimental setup must contain this test variable, i.e., actually adding kiwi fruit to the jelly solution.
對照裝置必須移除該變量但保持其他條件相同，所以只有果凍溶液而不加入奇異果。
The control setup must remove this variable while keeping other conditions identical, so there is only jelly solution without adding kiwi fruit.
選項 D 加入煮過的奇異果是測試酶的變性，偏離了簡單測試「奇異果是否存在」的目的。
Option D adding boiled kiwi fruit is to test enzyme denaturation, deviating from the purpose of simply testing ""the presence of kiwi fruit"".
📌 考試提醒
對照實驗的作用 (Function of control experiment)：提供比較的基準，證明實驗結果純粹由自變量改變引起。
Function of control experiment: To provide a baseline for comparison to prove the experimental result is solely caused by the change in the independent variable.
常見錯誤：為對照裝置設置錯誤條件（如加入其他無關物質），使實驗出現多於一個變量，破壞公平測試。
Common trap: Setting wrong conditions for the control setup (like adding irrelevant substances), causing the experiment to have more than one variable and ruining the fair test.
📌 改正試一試
對照裝置必須移除測試變量（自變量），但保持其他所有條件不變。
A control setup must remove the test variable (independent variable) while keeping all other conditions unchanged.",
45091227,"第 1 課 第 27 題
Chapter 1 Question 27
📌 參考答案
C. 只有(1)和(3)
C. (1) and (3) only
📌 詳細解釋
為確保這是一個公平測試，除了自變量外，所有可能影響果凍凝固的其他因素都必須保持不變。
To ensure a fair test, except for the independent variable, all other factors that might affect jelly setting must be kept constant.
果凍粉份量 (1) 改變溶液濃度，冷藏温度 (3) 影響凝結物理過程，兩者必須嚴格控制。
The amount of jelly powder (1) alters solution concentration, and chilling temperature (3) affects the setting physical process; both must be strictly controlled.
選項 (2) 不需要控制，因為對照組根本沒有加入奇異果，不存在控制份量相同的邏輯。
Option (2) does not need to be controlled because the control group does not have kiwi fruit added at all, lacking the logic of controlling identical amounts.
📌 考試提醒
公平測試 (Fair test)：只允許改變一個變數，所有可能干擾因變量的其他因素必須恆定。
Fair test: Only one variable is allowed to change; all other factors that might interfere with the dependent variable must be constant.
常見錯誤：以為只要是實驗中出現過的物料都要「控制份量相同」，忽略了對照組本身就是為了不提供該測試物料。
Common trap: Thinking any material appearing in the experiment must have its ""amount controlled identically"", ignoring the control group is inherently set up to not provide that test material.
📌 改正試一試
對照組本身不提供測試物料，因此不存在控制測試物料份量的邏輯。
The control group inherently does not provide the test material, so there is no logic in controlling the amount of the test material.",
45091228,"第 1 課 第 28 題
Chapter 1 Question 28
📌 參考答案
D. P和R
D. P and R
📌 詳細解釋
要探究種子萌發是否需要光，唯一的自變量必須是「光的存在與否」。
To investigate whether seed germination requires light, the only independent variable must be ""the presence or absence of light"".
基於單一變量原則，兩組對比裝置之間應該只有光照條件不同，其他所有變量（如水份、氧氣）必須一致。
Based on the single variable principle, there should only be a difference in light conditions between the contrasting setups, and all other variables (like water, oxygen) must be identical.
比較裝置 P（有光）和裝置 R（處於不透光盒子中，無光）完美符合了單一變量原則。
Comparing setup P (with light) and setup R (in a light-proof box, without light) perfectly satisfies the single variable principle.
選擇 Q 或 S 作對比會同時改變水份或氧氣供應，無法確定結果是由光線還是其他因素所致。
Choosing Q or S for comparison would simultaneously change water or oxygen supply, making it impossible to determine if the result was caused by light or other factors.
📌 考試提醒
單一變量原則 (Single variable principle)：探究某特定條件影響時，實驗組與對照組之間只能有該項條件不同。
Single variable principle: When investigating the effect of a specific condition, the experimental group and control group must differ only in that condition.
常見錯誤：選錯對比裝置，導致實驗中出現兩個或以上的變數，徹底破壞因果關係的有效推論。
Common trap: Choosing wrong contrasting setups, causing two or more variables to appear in the experiment and completely ruining the valid deduction of causality.
📌 改正試一試
實驗組與對照組之間只能有單一變量不同，這稱為公平測試原則。
There can be only a single variable difference between the experimental group and the control group; this is called the fair test principle.",
45091229,"第 1 課 第 29 題
Chapter 1 Question 29
📌 參考答案
D. (1)、(2)和(3)
D. (1), (2) and (3)
📌 詳細解釋
科學探究往往建基於多個隱含假設，以排除設備或樣本本質帶來的無關干擾。
Scientific inquiry often builds on multiple implicit assumptions to eliminate irrelevant interferences brought by equipment or the nature of samples.
必須假設所有被選用的種子本來都是存活且可萌發的 (1)，否則不萌發可能是因為種子已死。
It must be assumed that all selected seeds are originally viable and germinable (1), otherwise failure to germinate might be due to dead seeds.
探究氧氣影響時，必須假設吸收氧的化學物本身無毒且不會毒害種子 (2)。
When investigating the effect of oxygen, it must be assumed the oxygen-absorbing chemical is non-toxic and does not poison seeds (2).
使用盒子時，必須假設它僅僅阻擋光線而不限制氧氣供應 (3)，以維持單一變量原則。
When using a box, it must be assumed it merely blocks light without restricting oxygen supply (3) to maintain the single variable principle.
📌 考試提醒
實驗假設 (Experimental assumptions)：實驗設計中預設成立的前提，保證結果純粹由自變量操作引起。
Experimental assumptions: Prerequisites assumed to be true in experimental design, guaranteeing results are purely caused by independent variable manipulation.
常見錯誤：忽略了實驗儀器或化學品可能會引入新干擾，這些必須透過提出假設來邏輯排除。
Common trap: Overlooking that lab apparatus or chemicals might introduce new interferences, which must be logically eliminated by proposing assumptions.
📌 改正試一試
實驗必須作出假設以排除設備或樣本本質帶來的無關干擾因素。
Experiments must make assumptions to eliminate irrelevant interfering factors brought by equipment or the nature of samples.",
45091230,"第 1 課 第 30 題
Chapter 1 Question 30
📌 參考答案
B. 只有(2)
B. (2) only
📌 詳細解釋
可靠度（Reliability）是指實驗結果的一致性和可重複性，減少隨機誤差能有效提高可靠度。
Reliability refers to the consistency and repeatability of experimental results; reducing random errors effectively improves reliability.
增加參與者數量 (2) 可以擴大樣本容量，降低因人體遺傳或健康狀況引起的隨機誤差。
Increasing the number of participants (2) expands the sample size, reducing random errors caused by human genetic or health conditions.
選擇高膽固醇參與者 (1) 只是改變了實驗對象的特徵，並不影響數據可靠度。
Choosing participants with high cholesterol (1) merely changes the characteristics of the subjects and does not affect data reliability.
要求每天運動 (3) 引入了全新的干擾變數，破壞了探究飲食影響的公平測試原則。
Requiring daily exercise (3) introduces a brand-new confounding variable, destroying the fair test principle of inquiring into dietary effects.
📌 考試提醒
提高可靠度的方法 (Methods to improve reliability)：最主要且獲考評局認可的方法是增加樣本數量或重複進行實驗。
Methods to improve reliability: The primary and HKEAA-recognized methods are increasing sample size or repeating the experiment.
常見錯誤：以為加入更嚴格的健康限制（如要求統一運動）會令實驗更好，忽略這會強行加入額外干擾變數。
Common trap: Thinking adding stricter health constraints (like requiring uniform exercise) makes the experiment better, ignoring this forcibly adds extra confounding variables.
📌 改正試一試
增加樣本數量或重複實驗是提高實驗結果可靠度的最有效方法。
Increasing the sample size or repeating the experiment is the most effective method to improve the reliability of experimental results.",